"","","","","","","","","","","","","","","","","","","","","","",""
"S/No. ","Vehicle Registration No.","Financed by/ source of funds","Engine No.","Chassis No.","Tag number/ ","Make & Model ","Year of purchase","PV number","Original Location ","Current Location ","Replacement Date (if applicable) ","Amount ","Depreciation rate","Annual depreciation","Accumulated depreciation","Net Book Value","Date of disposal","Disposal value","Responsible officer","Asset condition","Does the MV have a log book(Y/N)","Notes"
"1","GKB 671S","GOK","1HZ-0879638","JTELB71J50-7726026","NA","LAND CRUISER","2017","NA","POOL","POOL","2027","7,541,000","10%","754,100","3,770,500","3,770,500","2027","NA","MULEI","SERVICEABLE","Y","SERVICEABLE"
"2","GKB 672S","GOK","1HZ-0879637","JTELB71J30-7726025","NA","LAND CRUISER","2017","NA","POOL","POOL","2027","7,541,000","10%","754,100","3,770,500","3,770,500","2027","NA","MULEI","SERVICEABLE","Y","SERVICEABLE"
"3","GKB 673S","GOK","1HZ-0879629","JTELB71J80-7726022","NA","LAND CRUISER","2017","NA","POOL","MAKINDU POLICE STATION","2027","7,541,000","10%","754,100","3,770,500","3,770,500","2027","NA","MULEI","UNSERVICEABLE","Y","MARKED FOR DISPOSAL"
"4","GKB 961U","GOK","1HZ-0903152","JTELB71J00-7727357","NA","LAND CRUISER","2018","NA","POOL","POOL","2028","7,541,000","10%","754,100","3,770,500","3,770,500","2028","NA","MULEI","SERVICEABLE","Y","SERVICEABLE"
"5","GKB 962U","GOK","1HZ-0903161","JTELB71J20-7727361","NA","LAND CRUISER","2018","NA","POOL","POOL","2028","7,541,000","10%","754,100","3,770,500","3,770,500","2028","NA","MULEI","SERVICEABLE","Y","SERVICEABLE"
"6","GKB 963U","GOK","1HZ-0903448","JTELB71J00-7727374","NA","LAND CRUISER","2018","NA","POOL","POOL","2028","7,541,000","10%","754,100","3,770,500","3,770,500","2028","NA","MULEI","SERVICEABLE","Y","SERVICEABLE"
"7","GKA 540R","GOK","1KZ-1829659","JTEBY29J50-0066869","NA","KZJ120R-PRADO","2008","NA","GLOBAL FUND","GLOBAL FUND","2018","10,000,000","10%","1,000,000","10,000,000","-","2018","NA","PC,GLOBAL FUND","SERVICEABLE","Y","SERVICEABLE"
"8","GKA 181X","GOK","5L-6145980","JTEBD9FJ-70K001373","NA","LAND CRUISER-PRADO","2010","NA","POOL","POOL","2020","10,000,000","10%","1,000,000","10,000,000","-","2020","NA","MULEI","UNSERVICEABLE","Y","UNSERVICEABLE - MARKED FOR DISPOSAL"
"9","GKB 603B","GOK","1KD-2190210","JTEBH3FJ60-K074283","NA","LAND CRUISER-PRADO","2012","NA","POOL","POOL","2022","16,000,000","10%","1,600,000","16,000,000","-","2022","NA","MULEI","UNSERVICEABLE","Y","UNSERVICEABLE - MARKED FOR DISPOSAL"
"10","GKB 492C","GOK","1KD-2224294","JTEBH3FJ50-K082679","NA","LAND CRUISER-PRADO","2012","NA","STATE DEPARTMENT FOR ECONOMIC PLANNING","CMTE GROUNDS","2022","16,000,000","10%","1,600,000","16,000,000","-","2022","NA","MULEI","NOT SERVICEABLE-REQUIRES MAJOR REPAIRS","N","NOT SERVICEABLE-MARKED FOR DISPOSAL "
"11","GKB 493C","GOK","5L-6209542","JTEBD9FJX0-K011363","NA","LAND CRUISER-PRADO","2012","NA","POOL","VICE CHAIR, PENDING BILLS VERIFICATION COMMITTEE","2022","16,000,000","10%","1,600,000","16,000,000","-","2022","NA","VICE CHAIR, PENDING BILLS VERIFICATION COMMITTEE","SERVICEABLE","Y","SERVICEABLE"
"12","GKB 613C","GOK","1KD-2222731","JTEBH3FJ50-K082309","NA","LAND CRUISER-PRADO","2012","NA","RMD","RMD","2022","16,000,000","10%","1,600,000","16,000,000","-","2022","NA","DIRECTOR, RMD","SERVICEABLE","Y","SERVICEABLE"
"13","GKB 935D","GOK","1KD2320510","JTEBH3FJ40K114392","NA","LAND CRUISER-PRADO","2013","NA","RMD","RMD","2023","16,000,000","10%","1,600,000","16,000,000","-","2023","NA","DIRECTOR, RMD","UNSERVICEABLE","N","UNSERVICEABLE"
"14","GKB 191E","GOK","1KD-2299357","JTEBH3FJ70-K114449","NA","LAND CRUISER-PRADO","2013","NA","POOL","CFAO MOTORS WORKSHOP","2023","16,000,000","10%","1,600,000","16,000,000","-","2023","NA","CHAIR, PENDING BILLS VERIFICATION COMMITTEE","AWAITING MAJOR SERVICE","Y","AWAITING MAJOR SERVICE"
"15","GKB 438H","GOK","1KD-FTV2982","JTEBH3FJ90K126022","NA","LAND CRUISER-PRADO","2015","NA","NALM","COMPETITION TRIBUNAL","2025","16,000,000","10%","1,600,000","12,800,000","3,200,000","2025","NA","CEO, COMPETITION TRIBUNAL","SERVICEABLE","N","SERVICEABLE"
"16","GKB 749H","GOK","1KD2495453","JTEBH3FJ40K159610","NA","LAND CRUISER-PRADO","2015","NA","PPD","PPD","2025","16,000,000","10%","1,600,000","12,800,000","3,200,000","2025","NA","DIRECTOR, PPD","SERVICEABLE","N","SERVICEABLE"
"17","GKB 789H","GOK","1KD2350691","JTEBH3FJX0K123288","NA","LAND CRUISER-PRADO","2015","NA","PIPM","PIPM","2025","16,000,000","10%","1,600,000","12,800,000","3,200,000","2025","NA","DG, PIPM","UNSERVICEABLE","N","UNSERVICEABLE"
"18","GKB 537S","GOK","1KD-2681397","JTEBH3FJ50K187013","NA","LAND CRUISER-PRADO","2016","NA","POOL","RMD","2026","16,000,000","10%","1,600,000","11,200,000","4,800,000","2026","NA","DIRECTOR, RMD","UNSERVICEABLE","Y","AWAITING MAJOR SERVICE (GEARBOX REPLACEMENT)"
"19","GKB 786S","GOK","1KD-2748725","JTEBH3FJ80K192982","NA","LAND CRUISER-PRADO","2017","NA","CS OFFICE","CHAIRMAN, EQUALIZATION FUND BOARD","2027","16,000,000","10%","1,600,000","9,600,000","6,400,000","2027","NA","CS","SERVICEABLE","Y","SERVICEABLE"
"20","GK B787S","","1KD-2748066","JTEBH3FJ70-K192939","","LAND CRUISER-PRADO","2017","NA","CS OFFICE","EMALI POLICE STATION","2027","16,000,000","10%","1,600,000","9,600,000","6,400,000","2027","NA","CS","UNSERVICEABLE","Y","MARKED FOR DISPOSAL"
"21","GKB 789S","GOK","1KD-2751777","JTEBH3FJ30-K193277","NA","LAND CRUISER-PRADO","2017","NA","PS OFFICE","PS OFFICE","2027","16,000,000","10%","1,600,000","9,600,000","6,400,000","2027","NA","PS's SECRETARY","SERVICEABLE","Y","SERVICEABLE"
"22","GKB 890S","GOK","1KD-2751498","JTEBH3FJ60-K193225","NA","LAND CRUISER-PRADO","2017","NA","PS OFFICE","VICE CHAIR, PENDING BILLS VERIFICATION COMMITTEE","2027","16,000,000","10%","1,600,000","9,600,000","6,400,000","2027","NA","VICE CHAIR, PENDING BILLS VERIFICATION COMMITTEE","SERVICEABLE","Y","SERVICEABLE"
"23","GKB 672M","GOK","1KD-2619714","JTEBH3F J80K181223","NA","LAND CRUISER-PRADO","2016","NA","PS OFFICE","PS OFFICE","2026","16,000,000","10%","1,600,000","12,800,000","3,200,000","2026","NA","PS","SERVICEABLE","Y","SERVICEABLE"
"24","GKB 693U","GOK","1KD-2801420","JTEBH3FJ60K2C1579","NA","LAND CRUISER-PRADO","2018","NA","FORMER CS ROTICH","FORMER CS ROTICH","2028","16,000,000","10%","1,600,000","8,000,000","8,000,000","2028","NA","CS","SERVICEABLE","Y","SERVICEABLE"
"25","GKB 694U","GOK","1KD-2801173","JTEBH3FJ70K201512","NA","LAND CRUISER-PRADO","2018","NA","BFEA","BFEA","2028","16,000,000","10%","1,600,000","8,000,000","8,000,000","2028","NA","DG, BFEA","SERVICEABLE","Y","SERVICEABLE"
"26","GKB 695U","GOK","1KD-2801515","JTEBH3FJ90K201561","NA","LAND CRUISER-PRADO","2018","NA","Ag. DA","Ag. DA","2028","16,000,000","10%","1,600,000","8,000,000","8,000,000","2028","NA","Ag. DA","SERVICEABLE","Y","SERVICEABLE"
"27","GKB 277V","GOK","1KD-2846124","JTEBH3FJ50K211973","NA","LAND CRUISER-PRADO","2019","NA","PS OFFICE","STATE HOUSE","2029","16,000,000","10%","1,600,000","6,400,000","9,600,000","2029","NA","PS","SERVICEABLE","Y","SERVICEABLE"
"28","GKB 279V","GOK","1KD-2851284","JTEBH3FJ20K213731","NA","LAND CRUISER-PRADO","2019","NA","PENSIONS","PENSIONS","2029","16,000,000","10%","1,600,000","6,400,000","9,600,000","2029","NA","Director, Pensions","SERVICEABLE","Y","SERVICEABLE"
"29","GKB 725V","GOK","1KD-B010369","JTEBH3FJ30K221191","NA","LAND CRUISER-PRADO","2019","NA","CS OFFICE","CMTE GROUNDS","2029","16,000,000","10%","1,600,000","6,400,000","9,600,000","2029","NA","MULEI","NOT SERVICEABLE","Y"," MARKED FOR DISPOSAL"
"30","GKB 726V","GOK","1KD-2864307","JTEBH3FJ40K218414","NA","LAND CRUISER-PRADO","2019","NA","CS OFFICE","CS OFFICE","2029","16,000,000","10%","1,600,000","6,400,000","9,600,000","2029","NA","CS","SERVICEABLE","Y","SERVICEABLE"
"31","GKB 838V","GOK","1KD-B029343","JTEBH3FJ70K225129","NA","LAND CRUISER-PRADO","2019","NA","PAS","PAS","2029","16,000,000","10%","1,600,000","6,400,000","9,600,000","2029","NA","PAS","SERVICEABLE","Y","SERVICEABLE"
"32","GKB 839V","GOK","1KD-B012401","JTEBH3FJ70K221744","NA","LAND CRUISER-PRADO","2019","NA","BUDGET","BUDGET","2029","16,000,000","10%","1,600,000","6,400,000","9,600,000","2029","NA","DIRECTOR, BUDGET","SERVICEABLE","Y","SERVICEABLE"
"33","GKB 842V","GOK","1KD-B043271","JTEBH3FJ30K227802","NA","LAND CRUISER-PRADO","2020","NA","PS OFFICE","PS OFFICE","2030","16,000,000","10%","1,600,000","4,800,000","11,200,000","2030","NA","PS","SERVICEABLE","Y","SERVICEABLE"
"34","GKB 561W","GOK","1GD-8703030","JTEBR3FJ70K198303","NA","LAND CRUISER-PRADO","2021","NA","CS OFFICE","DG PDMO","2031","16,000,000","10%","1,600,000","3,200,000","12,800,000","2031","NA","DG PDMO","SERVICEABLE","Y","SERVICEABLE"
"35","GKB 563W","GOK","1GD-8637596","JTEBR3FJ80K183518","NA","LAND CRUISER-PRADO","2020","NA","TRANSFERRED TO HEAD PUBLIC SERVICE","TRANSFERRED TO HEAD PUBLIC SERVICE","2030","16,000,000","10%","1,600,000","4,800,000","11,200,000","2030","NA","MULEI","SERVICEABLE-TRANSFERRED TO HEAD PUBLIC SERVICE.","Y","SERVICEABLE-TRANSFERRED TO HEAD PUBLIC SERVICE."
"36","GKB 604W","GOK","1GD-8704425","JTEBR3FJ60K198602","NA","LAND CRUISER-PRADO","2021","NA","CS OFFICE","CS OFFICE","2031","16,000,000","10%","1,600,000","3,200,000","12,800,000","2031","NA","CS","SERVICEABLE","Y","SERVICEABLE"
"37","GKB 606W","GOK","1GD-8713538","JTEBR3FJ70K199810","NA","LAND CRUISER-PRADO","2021","NA","PS OFFICE","PS OFFICE","2031","16,000,000","10%","1,600,000","3,200,000","12,800,000","2031","NA","PS","SERVICEABLE","Y","SERVICEABLE"
"38","GKB 061Z","GOK","1GD-8852287","JTEBR3FJ10K236902","NA","LAND CRUISER-PRADO","2021","NA","PPP","PPP","2031","16,000,000","10%","1,600,000","3,200,000","12,800,000","2031","NA","DG, PPP","SERVICEABLE","Y","SERVICEABLE"
"39","GKC 074A","GOK","1KZ-1726378","JTEBY29J000061451","NA","LAND CRUISER-PRADO","","NA","RMD","RMD","10","16,000,000","10%","1,600,000","3,236,800,000","-3,220,800,000","10","NA","DIRECTOR, RMD","SERVICEABLE","N","SERVICEABLE - ASSIGNED TO DIRECTOR, RMD"
"40","GKA 624H","GOK","1ZZ-FE","JTDBR22E703106897","NA","ZZE122R-COROLLA","2005","NA","RMD","RMD","2015","4,700,000","10%","470,000","8,460,000","-3,760,000","2015","NA","MULEI","SERVICEABLE","N","SERVICEABLE"
"41","GKA 826V","GOK","2ZRU268847","AHTLC58E203021015","NA","ZRE152R-COROLLA","2010","NA","POOL","POOL","2020","4,700,000","10%","470,000","6,110,000","-1,410,000","2020","NA","MULEI","UNSERVICEABLE","N","CURRENTLY UNDERGOING REPAIRS"
"42","GKA 012X","GOK","2ZRU291447","AHTLC58E803021973","NA","ZRE152R-COROLLA","2011","NA","POOL","POOL","2021","4,700,000","10%","470,000","5,640,000","-940,000","2021","NA","MULEI","SERVICEABLE","Y","SERVICEABLE"
"43","GKB 278V","GOK","2ZR-W031856","AHTBF3JE500012943","NA","COROLLA","2018","NA","PIPM","PIPM","2028","4,700,000","10%","470,000","2,350,000","2,350,000","2028","NA","MULEI","SERVICEABLE","Y","SERVICEABLE"
"44","GKB 650C","GOK","2ZR-U557888","AHTLC58EX03032456","NA","COROLLA","2012","NA","POOL","POOL","2022","4,700,000","10%","470,000","5,170,000","-470,000","2022","NA","MULEI","SERVICEABLE","Y","SERVICEABLE"
"45","GKB 984E","GOK","2ZR-U651490","AHTLC58E703034469","NA","ZRE152R-COROLLA","2013","NA","POOL","POOL","2023","4,700,000","10%","470,000","4,700,000","-","2023","NA","MULEI","SERVICEABLE","Y","SERVICEABLE"
"46","GKB 858V","GOK","2ZRW390957","AHTBFWJE501003106","NA","COROLLA","2020","NA","POOL","POOL","2030","4,700,000","10%","470,000","1,410,000","3,290,000","2030","NA","MULEI","SERVICEABLE","Y","SERVICEABLE"
"47","GKB 876V","GOK","2ZRW395685","AHTBFWJE001003482","NA","COROLLA","2020","NA","POOL","POOL","2030","4,700,000","10%","470,000","1,410,000","3,290,000","2030","NA","MULEI","SERVICEABLE","Y","SERVICEABLE"
"48","GKA 141X","GOK","2KD-5228769","AHTDR22G605517029","NA","HILLUX","2011","NA","POOL","POOL","2021","8,000,000","10%","800,000","9,600,000","-1,600,000","2021","NA","MULEI","SERVICEABLE","Y","SERVICEABLE"
"49","GKB 491C","GOK","2KD-5846612","JTFRS12P90-0025942","NA","HIACE","2012","NA","POOL","POOL","2022","7,000,000","10%","700,000","7,700,000","-700,000","2022","NA","MULEI","SERVICEABLE","Y","SERVICEABLE"
"50","GKA 130T","GOK","QR2708871A","JN1TANT30Z0160036","NA","XTRAIL","2008","NA","RMD","RMD","2018","6,500,000","10%","650,000","9,750,000","-3,250,000","2018","NA","MULEI","SERVICEABLE","Y","SERVICEABLE"
"51","GKB 486D","GOK","YD22281497A","JN1TENT30Z0151150","NA","XTRAIL","2012","NA","POOL","POOL","2022","6,500,000","10%","650,000","7,150,000","-650,000","2022","NA","MULEI","SERVICEABLE","Y","SERVICEABLE"
"52","GKB 167E","GOK","QR25625518B","JN1TANT31Z0104779","NA","XTRAIL","2013","NA","POOL","POOL","2023","6,500,000","10%","650,000","6,500,000","-","2023","NA","MULEI","UNSERVICEABLE ","Y","UNSERVICEABLE -MARKED FOR DISPOSAL"
"53","GKA 551P","GOK","QR20679606A","JN1TANT30A0110198","NA","XTRAIL","2008","NA","POOL","POOL","2018","6,500,000","10%","650,000","9,750,000","-3,250,000","2018","NA","MULEI","UNSERVICEABLE ","Y","UNSERVICEABLE -MARKED FOR DISPOSAL"
"54","GKA 552P","GOK","QR20686621A","JN1TANT30Z0110247","NA","XTRAIL","2008","NA","POOL","POOL","2018","6,500,000","10%","650,000","9,750,000","-3,250,000","2018","NA","MULEI","UNSERVICEABLE ","Y","UNSERVICEABLE -MARKED FOR DISPOSAL"
"55","GKB 954V","GOK","MR20663552C","JN1JANT32Z0012492","NA","X-TRAIL","2019","NA","POOL","POOL","2029","7,100,000","10%","710,000","2,840,000","4,260,000","2029","NA","MULEI","SERVICEABLE","Y","SERVICEABLE"
"56","GKB 963V","GOK","MR20663553C","JN1JANT32Z0012493","NA","X-TRAIL","2019","NA","POOL","GOVERNMENT DIGITAL PAYMENTS","2029","7,100,000","10%","710,000","2,840,000","4,260,000","2029","NA","DIRECTOR, GDP","SERVICEABLE","Y","SERVICEABLE"
"57","GKB 520W","GOK","MR20799514C","JN1JANT32Z0012721","NA","X-TRAIL","2021","NA","AUDITOR GENERAL","AUDITOR GENERAL","2031","7,100,000","10%","710,000","1,420,000","5,680,000","2031","NA","MULEI","SERVICEABLE","Y","SERVICEABLE"
"58","GKB 558W","GOK","MR20798211C","JN1JANT32Z0012741","NA","X-TRAIL","2021","NA","POOL","POOL","2031","7,100,000","10%","710,000","1,420,000","5,680,000","2031","NA","MULEI","SERVICEABLE","Y","SERVICEABLE"
"59","GKB 959V","GOK","YD25845243T","MNTCC4D23Z0047076","NA","NAVARA","2019","NA","STATE OFFICERS CAR LOAN SCHEME","STATE OFFICERS CAR LOAN SCHEME","2029","11,000,000","10%","1,100,000","4,400,000","6,600,000","2029","NA","INTERIM CEO","SERVICEABLE","Y","SERVICEABLE"
"60","GKB 969V","GOK","YD25032577B","JN1HC2E26Z0015095","NA","URVAN E26","2018","NA","STATE OFFICERS CAR LOAN SCHEME","STATE OFFICERS CAR LOAN SCHEME","2028","11,000,000","10%","1,100,000","5,500,000","5,500,000","2028","NA","INTERIM CEO","UNSERVICEABLE","Y","CURRENTLY AT CROWN MOTORS FOR BODY REPAIRS"
"61","GKA 139X","GOK","TD42215788","JN1UBHW41Z0024321","NA","TD42-CIVILLIAN BUS/COACH","2010","NA","POOL","POOL","2020","18,000,000","10%","1,800,000","23,400,000","-5,400,000","2020","NA","MULEI","SERVICEABLE","Y","SERVICEABLE"
"62","GKB 053V","GOK","","","NA","TFS86 DOUBLE CAB","2020","NA","PAS","PS PUBLIC SERVICE","2030","5,213,000","10%","521,300","1,563,900","3,649,100","2030","NA","MULEI","SERVICEABLE","N","ALLOCATED TO STATE DEPARTMENT FOR PUBLIC SERVICE"
"63","GKB 835V","GOK","4JK1UF9810","ACVDSCJR1J4045318","NA","TFS86 DOUBLE CAB","2020","NA","PENSIONS","PENSIONS","2030","5,213,000","10%","521,300","1,563,900","3,649,100","2030","NA","DIRECTOR, PENSIONS","SERVICEABLE","Y","SERVICEABLE"
"64","GKB 836V","GOK","4JK1UF9816","ACVDSCJR7J4045324","NA","TFS86 DOUBLE CAB","2020","NA","POOL","DIRECTOR, PUBLIC COMMUNICATIONS UNIT","2030","5,213,000","10%","521,300","1,563,900","3,649,100","2030","NA","DITECTOR, PCU","SERVICEABLE","Y","SERVICEABLE"
"65","GKB 922V","GOK","TA9858","MPAUCS86GJT000217","NA","MUX","2018","NA","STATE OFFICERS CAR LOAN SCHEME","STATE OFFICERS CAR LOAN SCHEME","2028","8,000,000","10%","800,000","4,000,000","4,000,000","2028","NA","MULEI","SERVICEABLE","Y","SERVICEABLE"
"66","GKB 627W","GOK","4JK1VP4693","ACVDSCJR1K4064758","NA","TFS86 DOUBLE CAB","2021","NA","FFLOCA","FFLLOCA","2031","5,213,000","10%","521,300","1,042,600","4,170,400","2031","NA","PC, FLLoCA","SERVICEABLE","Y","SERVICEABLE"
"67","GKB 632W","GOK","4JK1VP4692","ACVDSCJRXK4064757","NA","TFS86 DOUBLE CAB","2021","NA","FFLLOCA","FLLOCA","2031","5,213,000","10%","521,300","1,042,600","4,170,400","2031","NA","PC, FLLoCA","SERVICEABLE","Y","SERVICEABLE"
"68","GKB 590S","GOK","363020","JAAN1R66PF7101104","NA","NQR BUS/COACH","2015","NA","POOL","POOL","2025","14,000,000","10%","1,400,000","11,200,000","2,800,000","2025","NA","MULEI","SERVICEABLE","Y","SERVICEABLE"
"69","GKB 087T","GOK","492431","JALFRR33LF7003640","NA","FRR BUS/COACH","2018","NA","POOL","POOL","2028","22,000,000","10%","2,200,000","11,000,000","11,000,000","2028","NA","MULEI","SERVICEABLE","Y","SERVICEABLE"
"70","GKB 453S","GOK","R20A59057924","MRHRM2850HP040009","NA","CR-V-Comfort (AWD) S.WAGON","2016","NA","FFLOCA","FFLOCA","2026","5,000,000","10%","500,000","3,500,000","1,500,000","2026","NA","PC, FLLoCA","SERVICEABLE","Y","SERVICEABLE"
"71","GKB 456S","GOK","R20A59057937","MRHRM2850HP040022","NA","CR-V-Comfort (AWD) S.WAGON","2016","NA","FSAD","NAKURU CENTRAL POLICE STATION","2026","5,000,000","10%","500,000","3,500,000","1,500,000","2026","NA","MULEI","UNSERVICEABLE","Y","THE VEHICLE WAS INVOLVED IN AN ACCIDENT AND IS SCHEDULED FOR REPAIRS"
"72","GKB 491S","GOK","R20A59057916","MRHRM2850HP040005","NA","CR-V-Comfort 4*2 S.WAGON","2016","NA","POOL","POOL","2026","5,000,000","10%","500,000","3,500,000","1,500,000","2026","NA","MULEI","SERVICEABLE","Y","SERVICEABLE"
"73","GKB 493S","GOK","R20A59057920","MRHRM2850HP040010","NA","CR-V-Comfort 4*2 S.WAGON","2016","NA","POOL","POOL","2026","5,000,000","10%","500,000","3,500,000","1,500,000","2026","NA","MULEI","SERVICEABLE","Y","SERVICEABLE"
"74","GKB 494S","GOK","R20A59057917","MRHRM2850HP040006","NA","CR-V-Comfort 4*2 S.WAGON","2016","NA","POOL","POOL","2026","5,000,000","10%","500,000","3,500,000","1,500,000","2026","NA","MULEI","SERVICEABLE","Y","SERVICEABLE"
"75","GKB 495S","GOK","R20A59057938","MRHRM2850HP040023","NA","CR-V-Comfort 4*2 S.WAGON","2016","NA","DIRECTOR IFMIS","DIRECTOR IFMIS","2026","5,000,000","10%","500,000","3,500,000","1,500,000","2026","NA","MULEI","SERVICEABLE","Y","SERVICEABLE"
"76","GKB 496S","GOK","R20A59057925","MRHRM2850HP040012","NA","CR-V-Comfort 4*2 S.WAGON","2016","NA","DIRECTOR,M&FA","DIRECTOR,M&FA","2026","5,000,000","10%","500,000","3,500,000","1,500,000","2026","NA","MULEI","SERVICEABLE","Y","SERVICEABLE"
"77","GKB 497S","GOK","R20A59057923","MRHRM2850HP040011","NA","CR-V-Comfort 4*2 S.WAGON","2016","NA","POOL","POOL","2026","5,000,000","10%","500,000","3,500,000","1,500,000","2026","NA","MULEI","SERVICEABLE","Y","SERVICEABLE"
"78","GKB 887V","GOK","L15BG2253416","MRHRW2870LP040030","NA","CR-V Executive S.WAGON","2020","NA","PS OFFICE","PS OFFICE","2030","6,900,000","10%","690,000","2,070,000","4,830,000","2030","NA","MULEI","SERVICEABLE","Y","SERVICEABLE"
"79","GKB 888V","GOK","L15BG2253396","MRHRW2870LP040010","NA","CR-V Executive S.WAGON","2020","NA","CS OFFICE","CS OFFICE","2030","6,900,000","10%","690,000","2,070,000","4,830,000","2030","NA","MULEI","SERVICEABLE","Y","SERVICEABLE"
"80","GKB 891V","GOK","L15BG2253399","MRHRW2870LP040024","NA","CR-V Executive S.WAGON","2020","NA","POOL","CS OFFICE","2030","6,900,000","10%","690,000","2,070,000","4,830,000","2030","NA","CS's ADVISOR","SERVICEABLE","Y","SERVICEABLE"
"81","GKB 893V","GOK","L15BG2253402","MRHRW2870LP040003","NA","CR-V Executive S.WAGON","2020","NA","PS OFFICE","PS OFFICE","2030","6,900,000","10%","690,000","2,070,000","4,830,000","2030","NA","MULEI","SERVCEABLE","Y","SERVCEABLE"
"82","GKB 895V","GOK","L15BG2204598","MRHRW2870KP040002","NA","CR-V Executive S.WAGON","2019","NA","DIRECTOR, NALM","DIRECTOR, NALM","2029","6,900,000","10%","690,000","2,760,000","4,140,000","2029","NA","MULEI","SERVICEABLE","Y","SERVICEABLE"
"83","GKB 483S","GOK","PY30493083","JM6KE1032G0372293","NA","CX5-S.WAGON","2016","NA","STATE OFFICERS CAR LOAN SCHEME","STATE OFFICERS CAR LOAN SCHEME","2026","5,000,000","10%","500,000","3,500,000","1,500,000","2026","NA","INTERIM CEO","SERVICEABLE","Y","SERVICEABLE"
"84","GKB 484S","GOK","PY30467576","JM6KE1032G0355181","NA","CX5-S.WAGON","2016","NA","","","2026","5,000,000","10%","500,000","3,500,000","1,500,000","2026","NA","MULEI","SERVICEABLE","Y","THE VEHICLE IS STILL HELD AT CMC WORKSHOP DUE TO UNRESOLVED PAYMENT"
"85","GKB 823V","GOK","PY10622878","JM6KF4WLAL0375138","NA","CX5-S.WAGON","2020","NA","CS OFFICE","CS OFFICE","2030","5,000,000","10%","500,000","1,500,000","3,500,000","2030","NA","MULEI","SERVICEABLE","N","THE VEHICLE IS STILL HELD AT CMC WORKSHOP DUE TO UNRESOLVED PAYMENT"
"86","GKB 968S","GOK","YD69565","JF2BS9KC2JG106737","NA","OUTBACK","2018","NA","CS OFFICE","CS OFFICE","2028","8,000,000","10%","800,000","4,000,000","4,000,000","2028","NA","MULEI","SERVICEABLE","Y","SERVICEABLE"
"87","GKB 107M","GOK","WLAT134531","MNBUSFE4E907W206220","NA","EVEREST","2007","NA","POOL","POOL","2017","5,000,000","10%","500,000","8,000,000","-3,000,000","2017","NA","MULEI","SERVICEABLE","Y","THE VEHICLE IS STILL HELD AT CMC WORKSHOP DUE TO UNRESOLVED PAYMENT"
"88","GKB 482S","GOK","QJ2LJHR74177","6FPJXXMJWJHR74177","NA","EVEREST","2017","NA","F&SAD","F&SAD","2027","7,000,000","10%","700,000","4,200,000","2,800,000","2027","NA","MULEI","SERVICEABLE","Y","SERVICEABLE"
"89","GKB 811V","GOK","QJ1LJK51424","6FPJXXMJWJKJ51424","NA","EVEREST","2020","NA","DG,AS&QA","DG,AS&QA","2030","9,000,000","10%","900,000","2,700,000","6,300,000","2030","NA","MULEI","SERVICEABLE","Y","SERVICEABLE"
"90","KCL 122J","GOK","","","NA","RANGER DOUBLE CAB","","NA","POOL","POOL","10","8,000,000","10%","800,000","1,618,400,000","-1,610,400,000","10","NA","MULEI","SERVICEABLE","Y","SERVICEABLE"
"91","GKA 021T","GOK","4G64NS8201","BAV00V31W8S000485","NA","PAJERO","2008","NA","POOL","POOL","2018","2,000,000","10%","200,000","3,000,000","-1,000,000","2018","NA","MULEI","NOT SERVICEABLE","Y","NOT SERVICEABLE"
"92","GKA 521T","GOK","DZ584050520224DT","SALFA27B39H128010","NA","FREELANDER","2008","NA","POOL","POOL","2018","6,000,000","10%","600,000","9,000,000","-3,000,000","2018","NA","MULEI","NOT SERVICEABLE","Y","NOT SERVICEABLE"
"93","GKA 672V","GOK","100419141815244DT","SALLDHMT7AK072685","NA","DEFENDER-S.WAGON","2010","NA","CS OFFICE","CMC MOTORS","2020","6,000,000","10%","600,000","7,800,000","-1,800,000","2020","NA","MULEI","NOT SERVICEABLE","Y","AT THE CMC DEALERSHIP"
"94","GKA 849X","GOK","DZ784004528224DT","SALFA2AB4BH226042","NA","FREELANDER","2010","NA","POOL","POOL","2020","6,000,000","10%","600,000","7,800,000","-1,800,000","2020","NA","MULEI","NOT SERVICEABLE","Y","NOT SERVICEABLE"
"95","GKB 566C","GOK","0655804306DT","SALLAAAF3CA635719","NA","DISCOVERY","2012","NA","POOL","PC, PFMR","2022","18,000,000","10%","1,800,000","19,800,000","-1,800,000","2022","NA","MULEI","SERVICEABLE","Y","SERVICEABLE"
"96","GKB 951F","GOK","CDA419300","WVWZZZ3CZEE507777","NA","PASSAT","2013","NA","CS OFFICE","CS OFFICE","2023","8,000,000","10%","800,000","8,000,000","-","2023","NA","MULEI","SERVICEABLE","Y","SERVICEABLE"
"97","GKB 970F","GOK","CDA399677","WVWZZZ3CZCE557673","NA","PASSAT","2013","NA","CS OFFICE","CS OFFICE","2023","8,000,000","10%","800,000","8,000,000","-","2023","NA","MULEI","SERVICEABLE","N","SERVICEABLE"
"98","GKB 851J","GOK","CDA435908","WVWZZZ3CZEE078826","NA","PASSAT","2013","NA","PPP","PPP","2023","8,000,000","10%","800,000","8,000,000","-","2023","NA","SECRETARY, PPP TRIBUNAL","UNSERVICEABLE","Y","UNSERVICEABLE-MARKED FOR DISPOSAL"
"99","GKB 584W","GOK","DPJ001033","WVGZZ5NZMM001708","NA","TIGUAN HIGHLINE ALLSPACE","2021","NA","NIFCA","NIFCA","2031","6,500,000","10%","650,000","1,300,000","5,200,000","2031","NA","MULEI","UNSERVICEABLE","N","THE VEHICLE WAS INVOLVED IN AN ACCIDENT AND AWAITING APPROVAL FOR REPAIRS"
"100","KCH 455B","GOK","FVT37023","","NA","HYUNDAI-VAN","2018","NA","RMD","RMD","2028","5,000,000","10%","500,000","2,500,000","2,500,000","2028","NA","DIRECTOR, RMD","SERVICEABLE","N","AWAITING TRANSFER TO NATONAL TREASURY FROM DONOR"
"101","KDG 293H","GOK","10FJCE2438351","VF38D5GYTJL022990","NA","508-SALOON","2014","NA","PAS","PAS","2024","9,800,000","10%","980,000","8,820,000","980,000","2024","NA","MULEI","SERVICEABLE","N","ALLOCATED TO STATE DEPARTMENT FOR PUBLIC SERVICE"
"102","GKB 489S","GOK","10FJBM2079733","VF38D5FCAEL026288","NA","508-SALOON","2014","NA","POOL","URYSIA MOTORS","2024","9,800,000","10%","980,000","8,820,000","980,000","2024","NA","MULEI","UNSERVICEABLE","Y","NOT SERVICEABLE- AWAITING MAJOR SERVICEABLE"
"103","GKB 490S","GOK","10FJBM2080263","VF38DFCAEL026289","NA","508-SALOON","2014","NA","POOL","URYSIA MOTORS","2024","9,800,000","10%","980,000","8,820,000","980,000","2024","NA","MULEI","UNSERVICEABLE","Y","NOT SERVICEABLE- AWAITING MAJOR SERVICEABLE"
"104","GKB 806Y","GOK","10FJCE2421372","VF38D5GYTJL015170","NA","508-SALOON","2018","NA","PPP","PPP","2028","9,800,000","10%","980,000","4,900,000","4,900,000","2028","NA","DG, PPP","SERVICEABLE","Y","SERVICEABLE"
"105","GKB 814Y","GOK","10FJCE2422139","VF38D5GYTJL015735","NA","508-SALOON","2018","NA","DPR/F","DPR/F","2028","9,800,000","10%","980,000","4,900,000","4,900,000","2028","NA","MULEI","SERVICEABLE","Y","SERVICEABLE"
"106","GKB 848Y","GOK","10FJCE2437540","VF38D5GYTJL022615","NA","508-SALOON","2018","NA","AUDITOR GENERAL","AUDITOR GENERAL","2028","9,800,000","10%","980,000","4,900,000","4,900,000","2028","NA","MULEI","SERVICEABLE","Y","SERVICEABLE"
"107","GKB 883Y","GOK","10FJCE2357732","VF38D5GYTHL041641","NA","508-SALOON","2017","NA","CS OFFICE","CS OFFICE","2027","9,800,000","10%","980,000","5,880,000","3,920,000","2027","NA","MULEI","SERVICEABLE","Y","SERVICEABLE"
"108","GKB 621Z","GOK","10FJCE2362878","VF38D5GYTHL051726","NA","508-SALOON","2018","NA","DPS&M","DPS&M","2028","9,800,000","10%","980,000","4,900,000","4,900,000","2028","NA","DIRECTOR, DPS&M ","SERVICEABLE","N","SERVICEABLE"
"109","GKB 700W","GOK","10FJCX2670556","VF3M45GYVLS160612","NA","3008 CROSSOVER S.WAGON","2020","NA","PPP","PPP","2030","8,700,000","10%","870,000","2,610,000","6,090,000","2030","NA","DG, PPP","SERVICEABLE","Y","SERVICEABLE"
"110","GKB 650Y","GOK","10FJCG2525225","VF3M45GYVKS084017","NA","3008 CROSSOVER S.WAGON","2018","NA","POOL","PAS","2028","8,700,000","10%","870,000","4,350,000","4,350,000","2028","NA","PAS","SERVICEABLE","Y","SERVICEABLE"
"111","GKB 655Y","GOK","10FJCG2492997","VF3M45GYVJS400533","NA","3008 CROSSOVER S.WAGON","2018","NA","PSSF","PSSF","2028","8,700,000","10%","870,000","4,350,000","4,350,000","2028","NA","CEO, PSSF","SERVICEABLE","Y","SERVICEABLE"
"112","GKB 656Y","GOK","10FJCG2492597","VF3M45GYVJS400537","NA","3008 CROSSOVER S.WAGON","2018","NA","AFDB","AFDB","2028","8,700,000","10%","870,000","4,350,000","4,350,000","2028","NA","MULEI","SERVICEABLE","Y","SERVICEABLE"
"113","GKB 657Y","GOK","10FJCG2492594","VF3M45GYVJS400536","NA","3008 CROSSOVER S.WAGON","2018","NA","PPP","PPP","2028","8,700,000","10%","870,000","4,350,000","4,350,000","2028","NA","DG, PPP","SERVICEABLE","Y","SERVICEABLE"
"114","GKB 658Y","GOK","10FJCG2490456","VF3M45GYVJS400540","NA","3008 CROSSOVER S.WAGON","2018","NA","REGIONAL INTERNAL AUDITOR OFFICE","REGIONAL INTERNAL AUDITOR OFFICE","2028","8,700,000","10%","870,000","4,350,000","4,350,000","2028","NA","MULEI","SERVICEABLE","Y","SERVICEABLE"
"115","GKB 659Y","GOK","10FJCG2525224","VF3M45GYVKS084018","NA","3008 CROSSOVER S.WAGON","2018","NA","POOL","POOL","2028","8,700,000","10%","870,000","4,350,000","4,350,000","2028","NA","MULEI","SERVICEABLE","Y","SERVICEABLE"
"116","GKB 661Y","GOK","10FJCG2490664","VF3M45GYVJS407605","NA","3008 CROSSOVER S.WAGON","2018","NA","Ag. DA","Ag. DA","2028","8,700,000","10%","870,000","4,350,000","4,350,000","2028","NA","Ag. DA","SERVICEABLE","Y","SERVICEABLE"
"117","GKB 664Y","GOK","10FJCG2493026","VF3M45GYVJS402529","NA","3008 CROSSOVER S.WAGON","2018","NA","REGIONAL INTERNAL AUDITOR OFFICE","REGIONAL INTERNAL AUDITOR OFFICE","2028","8,700,000","10%","870,000","4,350,000","4,350,000","2028","NA","MULEI","SERVICEABLE","Y","SERVICEABLE"
"118","GKB 681Y","GOK","0FJCG2485301","VF3M45GYVJS358965","NA","3008 CROSSOVER S.WAGON","2018","NA","REGIONAL INTERNAL AUDITOR OFFICE","REGIONAL INTERNAL AUDITOR OFFICE","2028","8,700,000","10%","870,000","4,350,000","4,350,000","2028","NA","MULEI","SERVICEABLE","Y","SERVICEABLE"
"119","GKB 800Y","GOK","10FJCG2414324","VF3M45GYVJS172869","NA","3008 CROSSOVER S.WAGON","2018","NA","REGIONAL INTERNAL AUDITOR OFFICE","REGIONAL INTERNAL AUDITOR OFFICE","2028","8,700,000","10%","870,000","4,350,000","4,350,000","2028","NA","MULEI","SERVICEABLE","N","SERVICEABLE"
"120","GKB 801Y","GOK","10FCJG2421474","VF3M45GYVJS172876","NA","3008 CROSSOVER S.WAGON","2018","NA","PENSIONS","URYSIA MOTORS","2028","8,700,000","10%","870,000","4,350,000","4,350,000","2028","NA","DIRECTOR, PENSIONS","UNSERVICEABLE","Y","UNSERVICEABLE - AWAITING POST-ACCIDENT REPAIRS"
"121","GKB 802Y","GOK","10FJCG2438497","VF3M45GYVJS165327","NA","3008 CROSSOVER S.WAGON","2018","NA","PDMO","PDMO","2028","8,700,000","10%","870,000","4,350,000","4,350,000","2028","NA","MULEI","SERVICEABLE","Y","SERVICEABLE"
"122","GKB 803Y","GOK","10FJCG2414494","VF3M45GYVJS172871","NA","3008 CROSSOVER S.WAGON","2018","NA","AS&QA","AS&QA","2028","8,700,000","10%","870,000","4,350,000","4,350,000","2028","NA","MULEI","SERVICEABLE","Y","SERVICEABLE"
"123","GKB 804Y","GOK","10FJCG2421471","VF3M45GYVJS172874","NA","3008 CROSSOVER S.WAGON","2018","NA","PIPM","PIPM","2028","8,700,000","10%","870,000","4,350,000","4,350,000","2028","NA","DG, PIPM","SERVICEABLE","Y","SERVICEABLE"
"124","GKB 805Y","GOK","10FJCG2439051","VF3M45GYVJS165328","NA","3008 CROSSOVER S.WAGON","2018","NA","BFEA","BFEA","2028","8,700,000","10%","870,000","4,350,000","4,350,000","2028","NA","DG, BFEA","SERVICEABLE","Y","SERVICEABLE"
"125","GKB 824Y","GOK","10FJCG2502842","VF3M45GYVJS443713","NA","3008 CROSSOVER S.WAGON","2018","NA","PA TO CS","PA TO CS","2028","8,700,000","10%","870,000","4,350,000","4,350,000","2028","NA","PA, CS","SERVICEABLE","Y","SERVICEABLE"
"126","GKB 839Y","GOK","10FJCG2421472","VF3M45GYVJS172875","NA","3008 CROSSOVER S.WAGON","2018","NA","CS OFFICE","HEAD, SUPPLY CHAIN MANAGEMENT UNIT","2028","8,700,000","10%","870,000","4,350,000","4,350,000","2028","NA","CS","SERVICEABLE","Y","SERVICEABLE"
"127","GKB 842Y","GOK","10FJCG2437778","VF3M45GYVJS165331","NA","3008 CROSSOVER S.WAGON","2018","NA","EQUALIZATION FUND","EQUALIZATION FUND","2028","8,700,000","10%","870,000","4,350,000","4,350,000","2028","NA","CEO, EQUALIZATION FUND","SERVICEABLE","Y","SERVICEABLE"
"128","GKB 845Y","GOK","10FJCG2441754","VF3M45GYVJS165329","NA","3008 CROSSOVER S.WAGON","2018","NA","POOL","DIRECTOR, IGFRD","2028","8,700,000","10%","870,000","4,350,000","4,350,000","2028","NA","DIRECTOR, IGFRD","SERVICEABLE","Y","SERVICEABLE"
"129","GKB 854Y","GOK","10FJCG2442920","VF3M45GYVJS172872","NA","3008 CROSSOVER S.WAGON","2018","NA","REGIONAL INTERNAL AUDITOR OFFICE","REGIONAL INTERNAL AUDITOR OFFICE","2028","8,700,000","10%","870,000","4,350,000","4,350,000","2028","NA","","SERVICEABLE","Y","SERVICEABLE"
"130","GKB 860Y","GOK","10FJCG2440881","VF3M45GYVJS165330","NA","3008 CROSSOVER S.WAGON","2018","NA","REGIONAL INTERNAL AUDITOR OFFICE","REGIONAL INTERNAL AUDITOR OFFICE","2028","8,700,000","10%","870,000","4,350,000","4,350,000","2028","NA","","SERVICEABLE","Y","SERVICEABLE"
"131","GKB 861Y","GOK","10FJCG2414495","VF3M45GYVJS172870","NA","3008 CROSSOVER S.WAGON","2018","NA","REGIONAL INTERNAL AUDITOR OFFICE","REGIONAL INTERNAL AUDITOR OFFICE","2028","8,700,000","10%","870,000","4,350,000","4,350,000","2028","NA","","SERVICEABLE","Y","SERVICEABLE"
"132","GKB 026Z","GOK","10FJCG2525222","VF3M45GYVJS083222","NA","3008 CROSSOVER S.WAGON","2018","NA","POOL","PAS, FRONT OFFICE ","2028","8,700,000","10%","870,000","4,350,000","4,350,000","2028","NA","PAS","SERVICEABLE","Y","SERVICEABLE"
"133","GKB 531Z","GOK","10FJCG2466376","VF3M45GYVJS271624","NA","3008 CROSSOVER S.WAGON","2018","NA","COMPETITION TRIBUNAL","COMPETITION TRIBUNAL","2028","8,700,000","10%","870,000","4,350,000","4,350,000","2028","NA","CEO, COMPETITION TRIBUNAL","SERVICEABLE","Y","SERVICEABLE"
"134","GKB 532Z","GOK","10FJCG2467275","VF3M45GYVJS271619","NA","3008 CROSSOVER S.WAGON","2018","NA","PPRA","PPRA","2028","8,700,000","10%","870,000","4,350,000","4,350,000","2028","NA","","SERVICEABLE-DEPLOYED TO PPRA","Y","SERVICEABLE-DEPLOYED TO PPRA"
"135","GKB 533Z","GOK","10FJCG2465407","VF3M45GYVJS271625","NA","3008 CROSSOVER S.WAGON","2018","NA","POOL","ATHI RIVER POLICE STATION","2028","8,700,000","10%","870,000","4,350,000","4,350,000","2028","NA","MULEI","UNSERVICEABLE","Y","THE VEHICLE WAS INVOLVED IN A MAJOR ACCIDENT AND IS BEYOND REPAIR"
"136","GKB 233W","GOK","","","NA","OUTBACK","","NA","CS OFFICE","CS OFFICE","10","-","10%","-","-","-","10","NA","MULEI","LEASE VEHICLE","N","LEASE VEHICLE - DEPLOYED FROM NMS (DEFUNCT)"
"137","GKB 234Z","GOK","","","NA","OUTBACK","","NA","POOL","POOL","10","-","10%","-","-","-","10","NA","MULEI","LEASE VEHICLE","N","LEASE VEHICLE - DEPLOYED FROM NMS (DEFUNCT)"
"138","GKB 376W","GOK","","","NA","OUTBACK","","NA","POOL","POOL","10","-","10%","-","-","-","10","NA","MULEI","LEASE VEHICLE","N","LEASE VEHICLE - DEPLOYED FROM NMS (DEFUNCT)"
"139","GKB 462Z","GOK","","","NA","TFS86 DOUBLE CAB","","NA","POOL","POOL","10","-","10%","-","-","-","10","NA","MULEI","LEASE VEHICLE","N","LEASE VEHICLE - DEPLOYED FROM NMS (DEFUNCT)"
"140","GK C793A","GOK","1GD9223413","JTEBR3FJ70K325440","NA","LAND CRUISER-PRADO","2023","NA","DG,PIPM","DG,PIPM","2033","17210000.12","0.1","1721100","0","1721100","2033","NA","MULEI","SERVICEABLE","Y","SERVICEABLE"
"141","GK C806A","GOK","1GD9238137","JTEBRFJ00K330379","NA","LAND CRUISER-PRADO","2023","NA","CS OFFICE","CS OFFICE","2033","17210000.12","0.1","1721100","0","1721100","2033","NA","MULEI","SERVICEABLE","Y","SERVICEABLE"
"142","GK C807A","GOK","1GD9246575","JTEBR3FJ50K333052","NA","LAND CRUISER-PRADO","2023","NA","PS OFFICE","PS OFFICE","2033","17210000.12","0.1","1721100","0","1721100","2033","NA","MULEI","SERVICEABLE","Y","SERVICEABLE"
"143","GK C897A","GOK","1GD5380440","MHFBA3FS301051040","NA","TOYOTA FORTUNER","2023","NA","GLOBAL FUND","GLOBAL FUND","2033","13577157","0.1","1357715.7","","","2033","","PROGRAM COORDINATOR","SERVICEABLE","Y","SERVICEABLE"
"144","GK C305B","GOK","1GD-1369143","AHTKA3FS200631965","NA","TOYOTA FORTUNER","2024","NA","GLOBAL FUND","GLOBAL FUND","2034","","","","","","2034","","PROGRAM COORDINATOR","SERVICEABLE","Y","SERVICEABLE"
"145","GKC719B","GOK","1GD-9362958","JTEARCAJ20K008362","NA","LAND CRUISER-PRADO","2024","NA","FFLOCA","FFLOCA","2034","","","","","","2034","","PC, FLLoCA","SERVICEABLE","Y","SERVICEABLE"
"146","GK A640T","GOK","YD22278705A","JN1TENT30Z0150371","","NISSAN XTRAIL","2008","","POOL","CMTE GROUNDS","2018","","","","","","","","MULEI","UNSERVICEABLE","Y","MARKED FOR DISPOSAL"
"147","GK A673V","GOK","100419224144244DT","SALLDHMT7AK072684","","LANDROVER DEFENDER","2010","","POOL","CMTE GROUNDS","2018","","","","","","","","MULEI","UNSERVICEABLE","Y","MARKED FOR DISPOSAL"
"148","GK A897X","GOK","100815160612244DT","SALLDHMT7BK072925","","LANDROVER DEFENDER","2010","","POOL","CMTE GROUNDS","2018","","","","","","","","MULEI","UNSERVICEABLE","Y","MARKED FOR DISPOSAL"
"149","GK A138G","GOK","61546904","61546904","","PEUGEOT 504","2003","","POOL","CMTE GROUNDS","2013","","","","","","","","MULEI","UNSERVICEABLE","Y","MARKED FOR DISPOSAL"
"150","GK A848H","GOK","1RZ-3340699","RZH114-5500504","","TOYOTA HIACE","2004","","POOL","CMTE GROUNDS","2014","","","","","","","","MULEI","UNSERVICEABLE","Y","MARKED FOR DISPOSAL"
"151","GK A141G","GOK","168380","7101521","","ISUZU TROOPER","2003","","POOL","CMTE GROUNDS","2013","","","","","","","","MULEI","UNSERVICEABLE","Y","MARKED FOR DISPOSAL"
